{"cameraMode":{"drawMode":0,"name":"Shaded","section":"Shading Mode"},"sceneLighting":false,"audioPlay":false,"sceneViewState":{"m_AlwaysRefresh":false,"showFog":true,"showSkybox":false,"showFlares":true,"showImageEffects":true,"showParticleSystems":true,"showVisualEffectGraphs":true,"m_FxEnabled":true},"in2DMode":false,"pivot":{"x":-0.09614813327789307,"y":1.9170112609863282,"z":11.81706428527832},"rotation":{"x":0.01696496270596981,"y":0.22161056101322175,"z":-0.0038559429813176395,"w":0.9749805331230164},"size":1.814644455909729,"orthographic":false}