{"cameraMode":{"drawMode":0,"name":"Shaded","section":"Shading Mode"},"sceneLighting":true,"audioPlay":false,"sceneViewState":{"m_AlwaysRefresh":false,"showFog":true,"showSkybox":true,"showFlares":true,"showImageEffects":true,"showParticleSystems":true,"showVisualEffectGraphs":true,"m_FxEnabled":true},"in2DMode":false,"pivot":{"x":-13.657271385192871,"y":0.9028074741363525,"z":-10.382391929626465},"rotation":{"x":-0.0966610237956047,"y":0.6039202213287354,"z":-0.07365033775568009,"w":-0.7878178358078003},"size":17.947799682617189,"orthographic":false}